week,time range,weather,temp,is_holiday,flow of cars
7,1,1,22,0,197
7,1,1,22,0,226
7,1,1,22,0,152
7,1,1,22,0,200
7,1,1,22,0,165
7,1,1,22,0,145
7,1,1,22,0,129
7,1,1,22,0,109
7,1,1,22,0,62
7,1,1,22,0,109
7,1,1,22,0,74
7,1,1,22,0,96
7,1,1,22,0,88
7,1,1,22,0,69
7,1,1,22,0,71
7,1,1,22,0,59
7,1,1,22,0,74
7,1,1,22,0,70
7,1,1,22,0,25
7,1,1,22,0,62
7,1,1,22,0,97
7,1,1,22,0,89
7,1,1,22,0,88
7,1,1,22,0,114
7,2,3,27,0,137
7,2,3,27,0,171
7,2,3,27,0,174
7,2,3,27,0,304
7,2,3,27,0,371
7,2,3,27,0,297
7,2,3,27,0,511
7,2,3,27,0,624
7,2,3,27,0,486
7,2,3,27,0,494
7,2,3,27,0,525
7,2,3,27,0,472
7,2,3,27,0,479
7,2,3,27,0,555
7,2,3,27,0,523
7,2,3,27,0,522
7,2,3,27,0,597
7,2,3,27,0,459
7,2,3,27,0,498
7,2,3,27,0,480
7,2,3,27,0,535
7,2,3,27,0,543
7,2,3,27,0,605
7,2,3,27,0,514
7,2,3,27,0,484
7,2,3,27,0,448
7,2,3,27,0,558
7,2,3,27,0,550
7,2,3,27,0,454
7,2,3,27,0,501
7,2,3,27,0,519
7,2,3,27,0,563
7,2,3,27,0,574
7,2,3,27,0,488
7,2,3,27,0,503
7,2,3,27,0,687
7,2,3,27,0,490
7,2,3,27,0,640
7,2,3,27,0,549
7,2,3,27,0,499
7,2,3,27,0,473
7,2,3,27,0,501
7,2,3,27,0,584
7,2,3,27,0,484
7,2,3,27,0,539
7,2,3,27,0,567
7,2,3,27,0,674
7,2,3,27,0,614
7,2,0,17,0,553
7,2,0,17,0,567
7,2,0,17,0,615
7,2,0,17,0,440
7,2,0,17,0,517
7,2,0,17,0,559
7,2,0,17,0,491
7,2,0,17,0,518
7,2,0,17,0,544
7,2,0,17,0,443
7,2,0,17,0,481
7,2,0,17,0,433
7,2,0,17,0,394
7,2,0,17,0,400
7,2,0,17,0,477
7,2,0,17,0,404
7,2,0,17,0,399
7,2,0,17,0,274
7,2,0,17,0,302
7,2,0,17,0,244
7,2,0,17,0,224
7,2,0,17,0,239
7,2,0,17,0,222
7,2,0,17,0,186
1,1,0,17,0,218
1,1,0,17,0,194
1,1,0,17,0,176
1,1,0,17,0,168
1,1,0,17,0,66
1,1,0,17,0,105
1,1,0,17,0,105
1,1,0,17,0,69
1,1,0,17,0,70
1,1,0,17,0,66
1,1,0,17,0,72
1,1,0,17,0,51
1,1,0,17,0,52
1,1,0,17,0,61
1,1,0,17,0,56
1,1,0,17,0,52
1,1,0,17,0,27
1,1,0,17,0,55
1,1,0,17,0,53
1,1,0,17,0,37
1,1,0,17,0,49
1,1,0,17,0,76
1,1,0,17,0,42
1,1,0,17,0,93
1,2,1,28,0,110
1,2,1,28,0,201
1,2,1,28,0,365
1,2,1,28,0,552
1,2,1,28,0,579
1,2,1,28,0,743
1,2,1,28,0,873
1,2,1,28,0,766
1,2,1,28,0,698
1,2,1,28,0,551
1,2,1,28,0,586
1,2,1,28,0,467
1,2,1,28,0,529
1,2,1,28,0,447
1,2,1,28,0,536
1,2,1,28,0,473
1,2,1,28,0,449
1,2,1,28,0,461
1,2,1,28,0,446
1,2,1,28,0,361
1,2,1,28,0,424
1,2,1,28,0,459
1,2,1,28,0,419
1,2,1,28,0,426
1,2,1,28,0,427
1,2,1,28,0,478
1,2,1,28,0,393
1,2,1,28,0,394
1,2,1,28,0,507
1,2,1,28,0,560
1,2,1,28,0,411
1,2,1,28,0,483
1,2,1,28,0,433
1,2,1,28,0,449
1,2,1,28,0,420
1,2,1,28,0,427
1,2,1,28,0,364
1,2,1,28,0,454
1,2,1,28,0,491
1,2,1,28,0,483
1,2,1,28,0,633
1,2,1,28,0,567
1,2,1,28,0,564
1,2,1,28,0,663
1,2,1,28,0,590
1,2,1,28,0,662
1,2,1,28,0,687
1,2,1,28,0,673
1,2,2,14,0,618
1,2,2,14,0,737
1,2,2,14,0,637
1,2,2,14,0,742
1,2,2,14,0,646
1,2,2,14,0,565
1,2,2,14,0,453
1,2,2,14,0,515
1,2,2,14,0,490
1,2,2,14,0,407
1,2,2,14,0,434
1,2,2,14,0,395
1,2,2,14,0,422
1,2,2,14,0,429
1,2,2,14,0,319
1,2,2,14,0,392
1,2,2,14,0,323
1,2,2,14,0,286
1,2,2,14,0,314
1,2,2,14,0,286
1,2,2,14,0,178
1,2,2,14,0,223
1,2,2,14,0,185
1,2,2,14,0,189
2,1,2,14,0,136
2,1,2,14,0,176
2,1,2,14,0,152
2,1,2,14,0,122
2,1,2,14,0,120
2,1,2,14,0,134
2,1,2,14,0,120
2,1,2,14,0,105
2,1,2,14,0,69
2,1,2,14,0,109
2,1,2,14,0,61
2,1,2,14,0,81
2,1,2,14,0,83
2,1,2,14,0,71
2,1,2,14,0,61
2,1,2,14,0,50
2,1,2,14,0,50
2,1,2,14,0,77
2,1,2,14,0,84
2,1,2,14,0,73
2,1,2,14,0,74
2,1,2,14,0,44
2,1,2,14,0,58
2,1,2,14,0,105
2,2,2,30,0,146
2,2,2,30,0,205
2,2,2,30,0,364
2,2,2,30,0,520
2,2,2,30,0,674
2,2,2,30,0,705
2,2,2,30,0,828
2,2,2,30,0,732
2,2,2,30,0,816
2,2,2,30,0,723
2,2,2,30,0,620
2,2,2,30,0,585
2,2,2,30,0,580
2,2,2,30,0,583
2,2,2,30,0,560
2,2,2,30,0,425
2,2,2,30,0,504
2,2,2,30,0,467
2,2,2,30,0,507
2,2,2,30,0,441
2,2,2,30,0,439
2,2,2,30,0,406
2,2,2,30,0,415
2,2,2,30,0,512
2,2,2,30,0,369
2,2,2,30,0,440
2,2,2,30,0,424
2,2,2,30,0,332
2,2,2,30,0,342
2,2,2,30,0,408
2,2,2,30,0,428
2,2,2,30,0,503
2,2,2,30,0,472
2,2,2,30,0,407
2,2,2,30,0,472
2,2,2,30,0,497
2,2,2,30,0,501
2,2,2,30,0,484
2,2,2,30,0,503
2,2,2,30,0,513
2,2,2,30,0,654
2,2,2,30,0,621
2,2,2,30,0,614
2,2,2,30,0,525
2,2,2,30,0,718
2,2,2,30,0,640
2,2,2,30,0,550
2,2,2,30,0,626
2,2,4,9,0,702
2,2,4,9,0,697
2,2,4,9,0,590
2,2,4,9,0,581
2,2,4,9,0,593
2,2,4,9,0,522
2,2,4,9,0,502
2,2,4,9,0,553
2,2,4,9,0,469
2,2,4,9,0,481
2,2,4,9,0,437
2,2,4,9,0,462
2,2,4,9,0,324
2,2,4,9,0,338
2,2,4,9,0,431
2,2,4,9,0,405
2,2,4,9,0,377
2,2,4,9,0,286
2,2,4,9,0,254
2,2,4,9,0,295
2,2,4,9,0,256
2,2,4,9,0,201
2,2,4,9,0,263
2,2,4,9,0,234
3,1,4,9,0,180
3,1,4,9,0,206
3,1,4,9,0,177
3,1,4,9,0,163
3,1,4,9,0,177
3,1,4,9,0,139
3,1,4,9,0,89
3,1,4,9,0,108
3,1,4,9,0,110
3,1,4,9,0,132
3,1,4,9,0,162
3,1,4,9,0,134
3,1,4,9,0,128
3,1,4,9,0,96
3,1,4,9,0,116
3,1,4,9,0,94
3,1,4,9,0,99
3,1,4,9,0,96
3,1,4,9,0,121
3,1,4,9,0,99
3,1,4,9,0,140
3,1,4,9,0,84
3,1,4,9,0,84
3,1,4,9,0,96
3,2,2,18,0,100
3,2,2,18,0,201
3,2,2,18,0,337
3,2,2,18,0,572
3,2,2,18,0,641
3,2,2,18,0,760
3,2,2,18,0,809
3,2,2,18,0,691
3,2,2,18,0,796
3,2,2,18,0,717
3,2,2,18,0,465
3,2,2,18,0,495
3,2,2,18,0,552
3,2,2,18,0,485
3,2,2,18,0,472
3,2,2,18,0,382
3,2,2,18,0,501
3,2,2,18,0,475
3,2,2,18,0,509
3,2,2,18,0,398
3,2,2,18,0,418
3,2,2,18,0,458
3,2,2,18,0,390
3,2,2,18,0,514
3,2,2,18,0,460
3,2,2,18,0,434
3,2,2,18,0,444
3,2,2,18,0,348
3,2,2,18,0,468
3,2,2,18,0,483
3,2,2,18,0,456
3,2,2,18,0,427
3,2,2,18,0,492
3,2,2,18,0,507
3,2,2,18,0,451
3,2,2,18,0,548
3,2,2,18,0,432
3,2,2,18,0,571
3,2,2,18,0,504
3,2,2,18,0,496
3,2,2,18,0,591
3,2,2,18,0,551
3,2,2,18,0,796
3,2,2,18,0,563
3,2,2,18,0,634
3,2,2,18,0,869
3,2,2,18,0,792
3,2,2,18,0,714
3,2,3,5,1,803
3,2,3,5,1,606
3,2,3,5,1,729
3,2,3,5,1,572
3,2,3,5,1,654
3,2,3,5,1,561
3,2,3,5,1,572
3,2,3,5,1,675
3,2,3,5,1,549
3,2,3,5,1,608
3,2,3,5,1,511
3,2,3,5,1,475
3,2,3,5,1,524
3,2,3,5,1,416
3,2,3,5,1,488
3,2,3,5,1,450
3,2,3,5,1,390
3,2,3,5,1,348
3,2,3,5,1,352
3,2,3,5,1,326
3,2,3,5,1,268
3,2,3,5,1,240
3,2,3,5,1,216
3,2,3,5,1,234
4,1,3,5,1,183
4,1,3,5,1,158
4,1,3,5,1,241
4,1,3,5,1,226
4,1,3,5,1,136
4,1,3,5,1,182
4,1,3,5,1,160
4,1,3,5,1,130
4,1,3,5,1,133
4,1,3,5,1,205
4,1,3,5,1,144
4,1,3,5,1,136
4,1,3,5,1,126
4,1,3,5,1,90
4,1,3,5,1,114
4,1,3,5,1,114
4,1,3,5,1,83
4,1,3,5,1,105
4,1,3,5,1,87
4,1,3,5,1,112
4,1,3,5,1,66
4,1,3,5,1,109
4,1,3,5,1,113
4,1,3,5,1,78
4,2,4,10,1,170
4,2,4,10,1,185
4,2,4,10,1,191
4,2,4,10,1,265
4,2,4,10,1,301
4,2,4,10,1,317
4,2,4,10,1,339
4,2,4,10,1,429
4,2,4,10,1,368
4,2,4,10,1,411
4,2,4,10,1,420
4,2,4,10,1,395
4,2,4,10,1,502
4,2,4,10,1,400
4,2,4,10,1,451
4,2,4,10,1,563
4,2,4,10,1,421
4,2,4,10,1,485
4,2,4,10,1,432
4,2,4,10,1,439
4,2,4,10,1,502
4,2,4,10,1,434
4,2,4,10,1,366
4,2,4,10,1,349
4,2,4,10,1,453
4,2,4,10,1,458
4,2,4,10,1,388
4,2,4,10,1,400
4,2,4,10,1,417
4,2,4,10,1,385
4,2,4,10,1,418
4,2,4,10,1,433
4,2,4,10,1,371
4,2,4,10,1,453
4,2,4,10,1,487
4,2,4,10,1,408
4,2,4,10,1,410
4,2,4,10,1,407
4,2,4,10,1,420
4,2,4,10,1,346
4,2,4,10,1,407
4,2,4,10,1,427
4,2,4,10,1,503
4,2,4,10,1,411
4,2,4,10,1,442
4,2,4,10,1,490
4,2,4,10,1,405
4,2,4,10,1,500
4,2,0,4,1,489
4,2,0,4,1,541
4,2,0,4,1,516
4,2,0,4,1,465
4,2,0,4,1,336
4,2,0,4,1,369
4,2,0,4,1,454
4,2,0,4,1,378
4,2,0,4,1,475
4,2,0,4,1,352
4,2,0,4,1,341
4,2,0,4,1,337
4,2,0,4,1,352
4,2,0,4,1,278
4,2,0,4,1,322
4,2,0,4,1,286
4,2,0,4,1,305
4,2,0,4,1,281
4,2,0,4,1,232
4,2,0,4,1,206
4,2,0,4,1,190
4,2,0,4,1,172
4,2,0,4,1,192
4,2,0,4,1,127
5,1,0,4,1,139
5,1,0,4,1,118
5,1,0,4,1,127
5,1,0,4,1,118
5,1,0,4,1,103
5,1,0,4,1,121
5,1,0,4,1,68
5,1,0,4,1,60
5,1,0,4,1,49
5,1,0,4,1,80
5,1,0,4,1,73
5,1,0,4,1,81
5,1,0,4,1,52
5,1,0,4,1,53
5,1,0,4,1,49
5,1,0,4,1,34
5,1,0,4,1,34
5,1,0,4,1,38
5,1,0,4,1,49
5,1,0,4,1,44
5,1,0,4,1,61
5,1,0,4,1,54
5,1,0,4,1,48
5,1,0,4,1,98
5,2,1,18,1,129
5,2,1,18,1,157
5,2,1,18,1,135
5,2,1,18,1,259
5,2,1,18,1,265
5,2,1,18,1,254
5,2,1,18,1,380
5,2,1,18,1,352
5,2,1,18,1,461
5,2,1,18,1,413
5,2,1,18,1,355
5,2,1,18,1,405
5,2,1,18,1,428
5,2,1,18,1,408
5,2,1,18,1,508
5,2,1,18,1,462
5,2,1,18,1,433
5,2,1,18,1,545
5,2,1,18,1,510
5,2,1,18,1,473
5,2,1,18,1,501
5,2,1,18,1,387
5,2,1,18,1,475
5,2,1,18,1,395
5,2,1,18,1,393
5,2,1,18,1,423
5,2,1,18,1,457
5,2,1,18,1,385
5,2,1,18,1,391
5,2,1,18,1,394
5,2,1,18,1,463
5,2,1,18,1,474
5,2,1,18,1,438
5,2,1,18,1,522
5,2,1,18,1,435
5,2,1,18,1,465
5,2,1,18,1,471
5,2,1,18,1,502
5,2,1,18,1,504
5,2,1,18,1,527
5,2,1,18,1,478
5,2,1,18,1,534
5,2,1,18,1,522
5,2,1,18,1,563
5,2,1,18,1,519
5,2,1,18,1,559
5,2,1,18,1,599
5,2,1,18,1,598
5,2,0,7,1,551
5,2,0,7,1,662
5,2,0,7,1,519
5,2,0,7,1,481
5,2,0,7,1,522
5,2,0,7,1,457
5,2,0,7,1,480
5,2,0,7,1,503
5,2,0,7,1,462
5,2,0,7,1,543
5,2,0,7,1,473
5,2,0,7,1,476
5,2,0,7,1,451
5,2,0,7,1,397
5,2,0,7,1,428
5,2,0,7,1,399
5,2,0,7,1,401
5,2,0,7,1,303
5,2,0,7,1,396
5,2,0,7,1,373
5,2,0,7,1,203
5,2,0,7,1,261
5,2,0,7,1,236
5,2,0,7,1,209
6,1,0,7,1,211
6,1,0,7,1,158
6,1,0,7,1,184
6,1,0,7,1,143
6,1,0,7,1,169
6,1,0,7,1,152
6,1,0,7,1,135
6,1,0,7,1,101
6,1,0,7,1,100
6,1,0,7,1,115
6,1,0,7,1,128
6,1,0,7,1,89
6,1,0,7,1,64
6,1,0,7,1,111
6,1,0,7,1,82
6,1,0,7,1,49
6,1,0,7,1,58
6,1,0,7,1,50
6,1,0,7,1,61
6,1,0,7,1,65
6,1,0,7,1,92
6,1,0,7,1,77
6,1,0,7,1,75
6,1,0,7,1,100
6,2,0,18,1,117
6,2,0,18,1,99
6,2,0,18,1,156
6,2,0,18,1,248
6,2,0,18,1,335
6,2,0,18,1,284
6,2,0,18,1,481
6,2,0,18,1,410
6,2,0,18,1,450
6,2,0,18,1,422
6,2,0,18,1,429
6,2,0,18,1,478
6,2,0,18,1,384
6,2,0,18,1,480
6,2,0,18,1,420
6,2,0,18,1,546
6,2,0,18,1,585
6,2,0,18,1,740
6,2,0,18,1,570
6,2,0,18,1,428
6,2,0,18,1,519
6,2,0,18,1,535
6,2,0,18,1,568
6,2,0,18,1,601
6,2,0,18,1,535
6,2,0,18,1,497
6,2,0,18,1,472
6,2,0,18,1,586
6,2,0,18,1,552
6,2,0,18,1,523
6,2,0,18,1,556
6,2,0,18,1,464
6,2,0,18,1,499
6,2,0,18,1,544
6,2,0,18,1,653
6,2,0,18,1,616
6,2,0,18,1,504
6,2,0,18,1,553
6,2,0,18,1,560
6,2,0,18,1,545
6,2,0,18,1,581
6,2,0,18,1,540
6,2,0,18,1,614
6,2,0,18,1,467
6,2,0,18,1,544
6,2,0,18,1,532
6,2,0,18,1,594
6,2,0,18,1,641
6,2,0,13,0,562
6,2,0,13,0,568
6,2,0,13,0,573
6,2,0,13,0,600
6,2,0,13,0,393
6,2,0,13,0,476
6,2,0,13,0,540
6,2,0,13,0,489
6,2,0,13,0,482
6,2,0,13,0,564
6,2,0,13,0,415
6,2,0,13,0,386
6,2,0,13,0,396
6,2,0,13,0,440
6,2,0,13,0,481
6,2,0,13,0,350
6,2,0,13,0,423
6,2,0,13,0,343
6,2,0,13,0,324
6,2,0,13,0,233
6,2,0,13,0,282
6,2,0,13,0,222
6,2,0,13,0,192
6,2,0,13,0,191
7,1,0,13,0,241
7,1,0,13,0,195
7,1,0,13,0,161
7,1,0,13,0,158
7,1,0,13,0,141
7,1,0,13,0,152
7,1,0,13,0,144
7,1,0,13,0,153
7,1,0,13,0,149
7,1,0,13,0,155
7,1,0,13,0,146
7,1,0,13,0,155
7,1,0,13,0,160
7,1,0,13,0,111
7,1,0,13,0,131
7,1,0,13,0,84
7,1,0,13,0,137
7,1,0,13,0,163
7,1,0,13,0,130
7,1,0,13,0,98
7,1,0,13,0,103
7,1,0,13,0,82
7,1,0,13,0,69
7,1,0,13,0,86
7,2,0,23,0,97
7,2,0,23,0,136
7,2,0,23,0,342
7,2,0,23,0,423
7,2,0,23,0,670
7,2,0,23,0,696
7,2,0,23,0,843
7,2,0,23,0,802
7,2,0,23,0,718
7,2,0,23,0,586
7,2,0,23,0,517
7,2,0,23,0,531
7,2,0,23,0,434
7,2,0,23,0,463
7,2,0,23,0,491
7,2,0,23,0,424
7,2,0,23,0,487
7,2,0,23,0,458
7,2,0,23,0,502
7,2,0,23,0,487
7,2,0,23,0,572
7,2,0,23,0,486
7,2,0,23,0,447
7,2,0,23,0,427
7,2,0,23,0,415
7,2,0,23,0,367
7,2,0,23,0,371
7,2,0,23,0,415
7,2,0,23,0,435
7,2,0,23,0,428
7,2,0,23,0,455
7,2,0,23,0,452
7,2,0,23,0,466
7,2,0,23,0,585
7,2,0,23,0,562
7,2,0,23,0,619
7,2,0,23,0,464
7,2,0,23,0,498
7,2,0,23,0,481
7,2,0,23,0,575
7,2,0,23,0,529
7,2,0,23,0,636
7,2,0,23,0,541
7,2,0,23,0,504
7,2,0,23,0,544
7,2,0,23,0,756
7,2,0,23,0,680
7,2,0,23,0,526
7,2,0,14,0,870
7,2,0,14,0,641
7,2,0,14,0,770
7,2,0,14,0,592
7,2,0,14,0,555
7,2,0,14,0,527
7,2,0,14,0,468
7,2,0,14,0,534
7,2,0,14,0,452
7,2,0,14,0,515
7,2,0,14,0,392
7,2,0,14,0,393
7,2,0,14,0,405
7,2,0,14,0,341
7,2,0,14,0,364
7,2,0,14,0,370
7,2,0,14,0,304
7,2,0,14,0,292
7,2,0,14,0,284
7,2,0,14,0,301
7,2,0,14,0,267
7,2,0,14,0,227
7,2,0,14,0,229
7,2,0,14,0,169
1,1,0,14,0,167
1,1,0,14,0,185
1,1,0,14,0,223
1,1,0,14,0,179
1,1,0,14,0,129
1,1,0,14,0,125
1,1,0,14,0,111
1,1,0,14,0,90
1,1,0,14,0,123
1,1,0,14,0,106
1,1,0,14,0,131
1,1,0,14,0,94
1,1,0,14,0,58
1,1,0,14,0,66
1,1,0,14,0,45
1,1,0,14,0,111
1,1,0,14,0,57
1,1,0,14,0,115
1,1,0,14,0,64
1,1,0,14,0,83
1,1,0,14,0,67
1,1,0,14,0,72
1,1,0,14,0,99
1,1,0,14,0,114
1,2,0,27,0,130
1,2,0,27,0,113
1,2,0,27,0,355
1,2,0,27,0,455
1,2,0,27,0,585
1,2,0,27,0,803
1,2,0,27,0,826
1,2,0,27,0,780
1,2,0,27,0,627
1,2,0,27,0,604
1,2,0,27,0,652
1,2,0,27,0,492
1,2,0,27,0,486
1,2,0,27,0,537
1,2,0,27,0,462
1,2,0,27,0,444
1,2,0,27,0,399
1,2,0,27,0,490
1,2,0,27,0,437
1,2,0,27,0,474
1,2,0,27,0,473
1,2,0,27,0,398
1,2,0,27,0,503
1,2,0,27,0,446
1,2,0,27,0,493
1,2,0,27,0,342
1,2,0,27,0,360
1,2,0,27,0,404
1,2,0,27,0,378
1,2,0,27,0,400
1,2,0,27,0,465
1,2,0,27,0,492
1,2,0,27,0,437
1,2,0,27,0,478
1,2,0,27,0,405
1,2,0,27,0,434
1,2,0,27,0,382
1,2,0,27,0,503
1,2,0,27,0,431
1,2,0,27,0,437
1,2,0,27,0,624
1,2,0,27,0,628
1,2,0,27,0,551
1,2,0,27,0,531
1,2,0,27,0,600
1,2,0,27,0,708
1,2,0,27,0,576
1,2,0,27,0,560
1,2,1,18,0,712
1,2,1,18,0,708
1,2,1,18,0,682
1,2,1,18,0,644
1,2,1,18,0,599
1,2,1,18,0,498
1,2,1,18,0,487
1,2,1,18,0,507
1,2,1,18,0,405
1,2,1,18,0,438
1,2,1,18,0,407
1,2,1,18,0,375
1,2,1,18,0,337
1,2,1,18,0,410
1,2,1,18,0,400
1,2,1,18,0,421
1,2,1,18,0,366
1,2,1,18,0,301
1,2,1,18,0,273
1,2,1,18,0,238
1,2,1,18,0,243
1,2,1,18,0,228
1,2,1,18,0,123
1,2,1,18,0,179
2,1,1,18,0,185
2,1,1,18,0,175
2,1,1,18,0,149
2,1,1,18,0,138
2,1,1,18,0,167
2,1,1,18,0,108
2,1,1,18,0,120
2,1,1,18,0,105
2,1,1,18,0,113
2,1,1,18,0,127
2,1,1,18,0,89
2,1,1,18,0,99
2,1,1,18,0,140
2,1,1,18,0,128
2,1,1,18,0,61
2,1,1,18,0,103
2,1,1,18,0,92
2,1,1,18,0,95
2,1,1,18,0,74
2,1,1,18,0,80
2,1,1,18,0,41
2,1,1,18,0,31
2,1,1,18,0,77
2,1,1,18,0,91
2,2,1,29,0,120
2,2,1,29,0,141
2,2,1,29,0,387
2,2,1,29,0,568
2,2,1,29,0,645
2,2,1,29,0,677
2,2,1,29,0,932
2,2,1,29,0,763
2,2,1,29,0,657
2,2,1,29,0,540
2,2,1,29,0,478
2,2,1,29,0,581
2,2,1,29,0,438
2,2,1,29,0,442
2,2,1,29,0,522
2,2,1,29,0,461
2,2,1,29,0,487
2,2,1,29,0,440
2,2,1,29,0,415
2,2,1,29,0,482
2,2,1,29,0,459
2,2,1,29,0,384
2,2,1,29,0,450
2,2,1,29,0,501
2,2,1,29,0,448
2,2,1,29,0,528
2,2,1,29,0,442
2,2,1,29,0,384
2,2,1,29,0,444
2,2,1,29,0,436
2,2,1,29,0,376
2,2,1,29,0,437
2,2,1,29,0,443
2,2,1,29,0,488
2,2,1,29,0,516
2,2,1,29,0,523
2,2,1,29,0,328
2,2,1,29,0,488
2,2,1,29,0,417
2,2,1,29,0,384
2,2,1,29,0,590
2,2,1,29,0,642
2,2,1,29,0,691
2,2,1,29,0,639
2,2,1,29,0,652
2,2,1,29,0,699
2,2,1,29,0,639
2,2,1,29,0,602
2,2,3,19,0,671
2,2,3,19,0,706
2,2,3,19,0,735
2,2,3,19,0,590
2,2,3,19,0,649
2,2,3,19,0,525
2,2,3,19,0,503
2,2,3,19,0,486
2,2,3,19,0,385
2,2,3,19,0,387
2,2,3,19,0,369
2,2,3,19,0,418
2,2,3,19,0,389
2,2,3,19,0,380
2,2,3,19,0,296
2,2,3,19,0,387
2,2,3,19,0,420
2,2,3,19,0,274
2,2,3,19,0,333
2,2,3,19,0,298
2,2,3,19,0,259
2,2,3,19,0,239
2,2,3,19,0,186
2,2,3,19,0,196
3,1,3,19,0,168
3,1,3,19,0,193
3,1,3,19,0,220
3,1,3,19,0,215
3,1,3,19,0,199
3,1,3,19,0,121
3,1,3,19,0,137
3,1,3,19,0,101
3,1,3,19,0,89
3,1,3,19,0,100
3,1,3,19,0,116
3,1,3,19,0,85
3,1,3,19,0,142
3,1,3,19,0,151
3,1,3,19,0,96
3,1,3,19,0,106
3,1,3,19,0,128
3,1,3,19,0,149
3,1,3,19,0,177
3,1,3,19,0,43
3,1,3,19,0,72
3,1,3,19,0,95
3,1,3,19,0,39
3,1,3,19,0,140
3,2,3,27,0,124
3,2,3,27,0,186
3,2,3,27,0,389
3,2,3,27,0,544
3,2,3,27,0,550
3,2,3,27,0,606
3,2,3,27,0,828
3,2,3,27,0,732
3,2,3,27,0,651
3,2,3,27,0,614
3,2,3,27,0,534
3,2,3,27,0,471
3,2,3,27,0,467
3,2,3,27,0,422
3,2,3,27,0,487
3,2,3,27,0,508
3,2,3,27,0,469
3,2,3,27,0,496
3,2,3,27,0,428
3,2,3,27,0,413
3,2,3,27,0,471
3,2,3,27,0,433
3,2,3,27,0,444
3,2,3,27,0,383
3,2,3,27,0,380
3,2,3,27,0,410
3,2,3,27,0,443
3,2,3,27,0,396
3,2,3,27,0,381
3,2,3,27,0,408
3,2,3,27,0,435
3,2,3,27,0,451
3,2,3,27,0,483
3,2,3,27,0,502
3,2,3,27,0,442
3,2,3,27,0,386
3,2,3,27,0,493
3,2,3,27,0,473
3,2,3,27,0,472
3,2,3,27,0,482
3,2,3,27,0,597
3,2,3,27,0,639
3,2,3,27,0,592
3,2,3,27,0,592
3,2,3,27,0,626
3,2,3,27,0,609
3,2,3,27,0,664
3,2,3,27,0,667
3,2,3,19,0,766
3,2,3,19,0,674
3,2,3,19,0,566
3,2,3,19,0,699
3,2,3,19,0,571
3,2,3,19,0,506
3,2,3,19,0,497
3,2,3,19,0,518
3,2,3,19,0,367
3,2,3,19,0,415
3,2,3,19,0,474
3,2,3,19,0,509
3,2,3,19,0,426
3,2,3,19,0,377
3,2,3,19,0,421
3,2,3,19,0,391
3,2,3,19,0,376
3,2,3,19,0,346
3,2,3,19,0,297
3,2,3,19,0,279
3,2,3,19,0,329
3,2,3,19,0,237
3,2,3,19,0,215
3,2,3,19,0,176
4,1,3,19,0,219
4,1,3,19,0,151
4,1,3,19,0,122
4,1,3,19,0,174
4,1,3,19,0,110
4,1,3,19,0,126
4,1,3,19,0,168
4,1,3,19,0,136
4,1,3,19,0,113
4,1,3,19,0,89
4,1,3,19,0,112
4,1,3,19,0,114
4,1,3,19,0,105
4,1,3,19,0,89
4,1,3,19,0,123
4,1,3,19,0,110
4,1,3,19,0,121
4,1,3,19,0,124
4,1,3,19,0,81
4,1,3,19,0,74
4,1,3,19,0,95
4,1,3,19,0,55
4,1,3,19,0,59
4,1,3,19,0,64
4,2,3,25,0,106
4,2,3,25,0,110
4,2,3,25,0,352
4,2,3,25,0,560
4,2,3,25,0,573
4,2,3,25,0,717
4,2,3,25,0,832
4,2,3,25,0,773
4,2,3,25,0,778
4,2,3,25,0,610
4,2,3,25,0,630
4,2,3,25,0,480
4,2,3,25,0,484
4,2,3,25,0,569
4,2,3,25,0,527
4,2,3,25,0,468
4,2,3,25,0,559
4,2,3,25,0,416
4,2,3,25,0,379
4,2,3,25,0,466
4,2,3,25,0,502
4,2,3,25,0,464
4,2,3,25,0,400
4,2,3,25,0,500
4,2,3,25,0,390
4,2,3,25,0,388
4,2,3,25,0,401
4,2,3,25,0,406
4,2,3,25,0,398
4,2,3,25,0,423
4,2,3,25,0,424
4,2,3,25,0,455
4,2,3,25,0,492
4,2,3,25,0,465
4,2,3,25,0,441
4,2,3,25,0,467
4,2,3,25,0,494
4,2,3,25,0,482
4,2,3,25,0,396
4,2,3,25,0,532
4,2,3,25,0,666
4,2,3,25,0,600
4,2,3,25,0,692
4,2,3,25,0,477
4,2,3,25,0,613
4,2,3,25,0,744
4,2,3,25,0,703
4,2,3,25,0,638
4,2,3,12,0,809
4,2,3,12,0,682
4,2,3,12,0,611
4,2,3,12,0,541
4,2,3,12,0,567
4,2,3,12,0,598
4,2,3,12,0,487
4,2,3,12,0,468
4,2,3,12,0,467
4,2,3,12,0,457
4,2,3,12,0,439
4,2,3,12,0,450
4,2,3,12,0,428
4,2,3,12,0,390
4,2,3,12,0,411
4,2,3,12,0,371
4,2,3,12,0,357
4,2,3,12,0,326
4,2,3,12,0,308
4,2,3,12,0,317
4,2,3,12,0,255
4,2,3,12,0,228
4,2,3,12,0,172
4,2,3,12,0,186
5,1,3,12,0,165
5,1,3,12,0,196
5,1,3,12,0,124
5,1,3,12,0,136
5,1,3,12,0,126
5,1,3,12,0,102
5,1,3,12,0,120
5,1,3,12,0,90
5,1,3,12,0,75
5,1,3,12,0,61
5,1,3,12,0,62
5,1,3,12,0,42
5,1,3,12,0,43
5,1,3,12,0,55
5,1,3,12,0,53
5,1,3,12,0,63
5,1,3,12,0,42
5,1,3,12,0,29
5,1,3,12,0,30
5,1,3,12,0,25
5,1,3,12,0,67
5,1,3,12,0,36
5,1,3,12,0,38
5,1,3,12,0,94
5,2,3,16,0,117
5,2,3,16,0,250
5,2,3,16,0,331
5,2,3,16,0,558
5,2,3,16,0,557
5,2,3,16,0,692
5,2,3,16,0,932
5,2,3,16,0,651
5,2,3,16,0,760
5,2,3,16,0,601
5,2,3,16,0,580
5,2,3,16,0,517
5,2,3,16,0,483
5,2,3,16,0,461
5,2,3,16,0,467
5,2,3,16,0,456
5,2,3,16,0,436
5,2,3,16,0,452
5,2,3,16,0,449
5,2,3,16,0,493
5,2,3,16,0,422
5,2,3,16,0,467
5,2,3,16,0,479
5,2,3,16,0,419
5,2,3,16,0,490
5,2,3,16,0,459
5,2,3,16,0,485
5,2,3,16,0,487
5,2,3,16,0,528
5,2,3,16,0,488
5,2,3,16,0,409
5,2,3,16,0,483
5,2,3,16,0,594
5,2,3,16,0,514
5,2,3,16,0,549
5,2,3,16,0,497
5,2,3,16,0,554
5,2,3,16,0,442
5,2,3,16,0,532
5,2,3,16,0,595
5,2,3,16,0,602
5,2,3,16,0,797
5,2,3,16,0,585
5,2,3,16,0,656
5,2,3,16,0,728
5,2,3,16,0,702
5,2,3,16,0,778
5,2,3,16,0,858
5,2,1,9,0,655
5,2,1,9,0,812
5,2,1,9,0,704
5,2,1,9,0,633
5,2,1,9,0,672
5,2,1,9,0,578
5,2,1,9,0,594
5,2,1,9,0,604
5,2,1,9,0,546
5,2,1,9,0,484
5,2,1,9,0,621
5,2,1,9,0,466
5,2,1,9,0,435
5,2,1,9,0,509
5,2,1,9,0,436
5,2,1,9,0,428
5,2,1,9,0,374
5,2,1,9,0,320
5,2,1,9,0,396
5,2,1,9,0,298
5,2,1,9,0,289
5,2,1,9,0,197
5,2,1,9,0,202
5,2,1,9,0,164
6,1,1,9,0,224
6,1,1,9,0,177
6,1,1,9,0,205
6,1,1,9,0,162
6,1,1,9,0,146
6,1,1,9,0,146
6,1,1,9,0,123
6,1,1,9,0,127
6,1,1,9,0,103
6,1,1,9,0,100
6,1,1,9,0,95
6,1,1,9,0,81
6,1,1,9,0,67
6,1,1,9,0,49
6,1,1,9,0,76
6,1,1,9,0,76
6,1,1,9,0,39
6,1,1,9,0,57
6,1,1,9,0,43
6,1,1,9,0,77
6,1,1,9,0,93
6,1,1,9,0,70
6,1,1,9,0,51
6,1,1,9,0,174
6,2,2,18,0,188
6,2,2,18,0,130
6,2,2,18,0,204
6,2,2,18,0,244
6,2,2,18,0,286
6,2,2,18,0,407
6,2,2,18,0,448
6,2,2,18,0,505
6,2,2,18,0,431
6,2,2,18,0,602
6,2,2,18,0,542
6,2,2,18,0,574
6,2,2,18,0,520
6,2,2,18,0,511
6,2,2,18,0,536
6,2,2,18,0,582
6,2,2,18,0,506
6,2,2,18,0,616
6,2,2,18,0,625
6,2,2,18,0,609
6,2,2,18,0,526
6,2,2,18,0,557
6,2,2,18,0,543
6,2,2,18,0,609
6,2,2,18,0,518
6,2,2,18,0,537
6,2,2,18,0,471
6,2,2,18,0,612
6,2,2,18,0,540
6,2,2,18,0,595
6,2,2,18,0,450
6,2,2,18,0,635
6,2,2,18,0,550
6,2,2,18,0,483
6,2,2,18,0,551
6,2,2,18,0,504
6,2,2,18,0,570
6,2,2,18,0,754
6,2,2,18,0,691
6,2,2,18,0,628
6,2,2,18,0,520
6,2,2,18,0,644
6,2,2,18,0,576
6,2,2,18,0,500
6,2,2,18,0,634
6,2,2,18,0,572
6,2,2,18,0,602
6,2,2,18,0,715
6,2,1,8,0,647
6,2,1,8,0,578
6,2,1,8,0,553
6,2,1,8,0,625
6,2,1,8,0,471
6,2,1,8,0,503
6,2,1,8,0,611
6,2,1,8,0,532
6,2,1,8,0,442
6,2,1,8,0,577
6,2,1,8,0,532
6,2,1,8,0,487
6,2,1,8,0,465
6,2,1,8,0,412
6,2,1,8,0,501
6,2,1,8,0,486
6,2,1,8,0,342
6,2,1,8,0,346
6,2,1,8,0,329
6,2,1,8,0,263
6,2,1,8,0,295
6,2,1,8,0,243
6,2,1,8,0,254
6,2,1,8,0,139
7,1,1,8,0,228
7,1,1,8,0,199
7,1,1,8,0,184
7,1,1,8,0,141
7,1,1,8,0,182
7,1,1,8,0,145
7,1,1,8,0,148
7,1,1,8,0,100
7,1,1,8,0,133
7,1,1,8,0,97
7,1,1,8,0,77
7,1,1,8,0,83
7,1,1,8,0,59
7,1,1,8,0,81
7,1,1,8,0,67
7,1,1,8,0,62
7,1,1,8,0,55
7,1,1,8,0,45
7,1,1,8,0,41
7,1,1,8,0,77
7,1,1,8,0,69
7,1,1,8,0,70
7,1,1,8,0,60
7,1,1,8,0,121
7,2,1,20,0,135
7,2,1,20,0,192
7,2,1,20,0,190
7,2,1,20,0,325
7,2,1,20,0,239
7,2,1,20,0,295
7,2,1,20,0,476
7,2,1,20,0,356
7,2,1,20,0,381
7,2,1,20,0,440
7,2,1,20,0,483
7,2,1,20,0,493
7,2,1,20,0,509
7,2,1,20,0,400
7,2,1,20,0,459
7,2,1,20,0,469
7,2,1,20,0,457
7,2,1,20,0,622
7,2,1,20,0,544
7,2,1,20,0,551
7,2,1,20,0,663
7,2,1,20,0,573
7,2,1,20,0,596
7,2,1,20,0,590
7,2,1,20,0,605
7,2,1,20,0,535
7,2,1,20,0,473
7,2,1,20,0,495
7,2,1,20,0,543
7,2,1,20,0,541
7,2,1,20,0,624
7,2,1,20,0,488
7,2,1,20,0,582
7,2,1,20,0,414
7,2,1,20,0,488
7,2,1,20,0,681
7,2,1,20,0,583
7,2,1,20,0,577
7,2,1,20,0,598
7,2,1,20,0,539
7,2,1,20,0,510
7,2,1,20,0,520
7,2,1,20,0,534
7,2,1,20,0,543
7,2,1,20,0,502
7,2,1,20,0,673
7,2,1,20,0,687
7,2,1,20,0,649
7,2,0,10,0,610
7,2,0,10,0,586
7,2,0,10,0,568
7,2,0,10,0,550
7,2,0,10,0,487
7,2,0,10,0,535
7,2,0,10,0,500
7,2,0,10,0,506
7,2,0,10,0,514
7,2,0,10,0,514
7,2,0,10,0,513
7,2,0,10,0,399
7,2,0,10,0,400
7,2,0,10,0,466
7,2,0,10,0,387
7,2,0,10,0,402
7,2,0,10,0,327
7,2,0,10,0,278
7,2,0,10,0,343
7,2,0,10,0,264
7,2,0,10,0,228
7,2,0,10,0,212
7,2,0,10,0,223
7,2,0,10,0,194
1,1,0,10,0,183
1,1,0,10,0,160
1,1,0,10,0,161
1,1,0,10,0,146
1,1,0,10,0,122
1,1,0,10,0,103
1,1,0,10,0,93
1,1,0,10,0,96
1,1,0,10,0,99
1,1,0,10,0,108
1,1,0,10,0,49
1,1,0,10,0,55
1,1,0,10,0,70
1,1,0,10,0,61
1,1,0,10,0,51
1,1,0,10,0,32
1,1,0,10,0,59
1,1,0,10,0,51
1,1,0,10,0,61
1,1,0,10,0,55
1,1,0,10,0,51
1,1,0,10,0,60
1,1,0,10,0,63
1,1,0,10,0,87
1,2,1,20,0,106
1,2,1,20,0,175
1,2,1,20,0,445
1,2,1,20,0,509
1,2,1,20,0,575
1,2,1,20,0,754
1,2,1,20,0,830
1,2,1,20,0,861
1,2,1,20,0,603
1,2,1,20,0,569
1,2,1,20,0,548
1,2,1,20,0,572
1,2,1,20,0,392
1,2,1,20,0,461
1,2,1,20,0,485
1,2,1,20,0,460
1,2,1,20,0,448
1,2,1,20,0,508
1,2,1,20,0,424
1,2,1,20,0,444
1,2,1,20,0,484
1,2,1,20,0,435
1,2,1,20,0,490
1,2,1,20,0,400
1,2,1,20,0,460
1,2,1,20,0,404
1,2,1,20,0,339
1,2,1,20,0,385
1,2,1,20,0,350
1,2,1,20,0,354
1,2,1,20,0,432
1,2,1,20,0,517
1,2,1,20,0,515
1,2,1,20,0,389
1,2,1,20,0,394
1,2,1,20,0,427
1,2,1,20,0,452
1,2,1,20,0,466
1,2,1,20,0,495
1,2,1,20,0,515
1,2,1,20,0,532
1,2,1,20,0,586
1,2,1,20,0,550
1,2,1,20,0,618
1,2,1,20,0,547
1,2,1,20,0,654
1,2,1,20,0,704
1,2,1,20,0,673
1,2,0,13,0,637
1,2,0,13,0,620
1,2,0,13,0,639
1,2,0,13,0,689
1,2,0,13,0,588
1,2,0,13,0,528
1,2,0,13,0,513
1,2,0,13,0,421
1,2,0,13,0,445
1,2,0,13,0,468
1,2,0,13,0,401
1,2,0,13,0,397
1,2,0,13,0,327
1,2,0,13,0,368
1,2,0,13,0,417
1,2,0,13,0,361
1,2,0,13,0,394
1,2,0,13,0,320
1,2,0,13,0,317
1,2,0,13,0,242
1,2,0,13,0,215
1,2,0,13,0,204
1,2,0,13,0,166
1,2,0,13,0,156
2,1,0,13,0,157
2,1,0,13,0,150
2,1,0,13,0,138
2,1,0,13,0,144
2,1,0,13,0,111
2,1,0,13,0,129
2,1,0,13,0,100
2,1,0,13,0,101
2,1,0,13,0,66
2,1,0,13,0,54
2,1,0,13,0,70
2,1,0,13,0,80
2,1,0,13,0,60
2,1,0,13,0,64
2,1,0,13,0,64
2,1,0,13,0,38
2,1,0,13,0,29
2,1,0,13,0,51
2,1,0,13,0,62
2,1,0,13,0,55
2,1,0,13,0,49
2,1,0,13,0,51
2,1,0,13,0,110
2,1,0,13,0,82
2,2,0,25,0,97
2,2,0,25,0,156
2,2,0,25,0,384
2,2,0,25,0,517
2,2,0,25,0,539
2,2,0,25,0,726
2,2,0,25,0,822
2,2,0,25,0,794
2,2,0,25,0,783
2,2,0,25,0,628
2,2,0,25,0,645
2,2,0,25,0,382
2,2,0,25,0,520
2,2,0,25,0,503
2,2,0,25,0,393
2,2,0,25,0,430
2,2,0,25,0,461
2,2,0,25,0,479
2,2,0,25,0,478
2,2,0,25,0,483
2,2,0,25,0,423
2,2,0,25,0,361
2,2,0,25,0,417
2,2,0,25,0,461
2,2,0,25,0,497
2,2,0,25,0,418
2,2,0,25,0,443
2,2,0,25,0,370
2,2,0,25,0,399
2,2,0,25,0,296
2,2,0,25,0,390
2,2,0,25,0,473
2,2,0,25,0,449
2,2,0,25,0,430
2,2,0,25,0,501
2,2,0,25,0,544
2,2,0,25,0,481
2,2,0,25,0,472
2,2,0,25,0,549
2,2,0,25,0,502
2,2,0,25,0,618
2,2,0,25,0,579
2,2,0,25,0,533
2,2,0,25,0,474
2,2,0,25,0,649
2,2,0,25,0,654
2,2,0,25,0,591
2,2,0,25,0,678
2,2,0,15,0,687
2,2,0,15,0,628
2,2,0,15,0,689
2,2,0,15,0,683
2,2,0,15,0,652
2,2,0,15,0,432
2,2,0,15,0,561
2,2,0,15,0,498
2,2,0,15,0,537
2,2,0,15,0,448
2,2,0,15,0,407
2,2,0,15,0,394
2,2,0,15,0,369
2,2,0,15,0,383
2,2,0,15,0,376
2,2,0,15,0,470
2,2,0,15,0,378
2,2,0,15,0,297
2,2,0,15,0,298
2,2,0,15,0,270
2,2,0,15,0,211
2,2,0,15,0,219
2,2,0,15,0,241
2,2,0,15,0,207
3,1,0,15,0,139
3,1,0,15,0,198
3,1,0,15,0,200
3,1,0,15,0,153
3,1,0,15,0,143
3,1,0,15,0,84
3,1,0,15,0,83
3,1,0,15,0,77
3,1,0,15,0,92
3,1,0,15,0,68
3,1,0,15,0,62
3,1,0,15,0,69
3,1,0,15,0,106
3,1,0,15,0,59
3,1,0,15,0,50
3,1,0,15,0,33
3,1,0,15,0,47
3,1,0,15,0,68
3,1,0,15,0,58
3,1,0,15,0,75
3,1,0,15,0,74
3,1,0,15,0,87
3,1,0,15,0,100
3,1,0,15,0,90
3,2,0,28,0,113
3,2,0,28,0,214
3,2,0,28,0,330
3,2,0,28,0,525
3,2,0,28,0,563
3,2,0,28,0,656
3,2,0,28,0,991
3,2,0,28,0,715
3,2,0,28,0,568
3,2,0,28,0,630
3,2,0,28,0,505
3,2,0,28,0,481
3,2,0,28,0,483
3,2,0,28,0,565
3,2,0,28,0,412
3,2,0,28,0,443
3,2,0,28,0,484
3,2,0,28,0,456
3,2,0,28,0,493
3,2,0,28,0,453
3,2,0,28,0,486
3,2,0,28,0,481
3,2,0,28,0,415
3,2,0,28,0,449
3,2,0,28,0,466
3,2,0,28,0,422
3,2,0,28,0,444
3,2,0,28,0,399
3,2,0,28,0,383
3,2,0,28,0,392
3,2,0,28,0,388
3,2,0,28,0,493
3,2,0,28,0,415
3,2,0,28,0,506
3,2,0,28,0,403
3,2,0,28,0,448
3,2,0,28,0,454
3,2,0,28,0,370
3,2,0,28,0,540
3,2,0,28,0,446
3,2,0,28,0,521
3,2,0,28,0,539
3,2,0,28,0,596
3,2,0,28,0,614
3,2,0,28,0,628
3,2,0,28,0,788
3,2,0,28,0,566
3,2,0,28,0,634
3,2,1,18,0,755
3,2,1,18,0,645
3,2,1,18,0,688
3,2,1,18,0,645
3,2,1,18,0,624
3,2,1,18,0,482
3,2,1,18,0,486
3,2,1,18,0,569
3,2,1,18,0,437
3,2,1,18,0,488
3,2,1,18,0,386
3,2,1,18,0,457
3,2,1,18,0,381
3,2,1,18,0,460
3,2,1,18,0,421
3,2,1,18,0,416
3,2,1,18,0,314
3,2,1,18,0,299
3,2,1,18,0,292
3,2,1,18,0,227
3,2,1,18,0,206
3,2,1,18,0,161
3,2,1,18,0,194
3,2,1,18,0,178
4,1,1,18,0,186
4,1,1,18,0,187
4,1,1,18,0,174
4,1,1,18,0,138
4,1,1,18,0,130
4,1,1,18,0,128
4,1,1,18,0,137
4,1,1,18,0,150
4,1,1,18,0,128
4,1,1,18,0,119
4,1,1,18,0,89
4,1,1,18,0,83
4,1,1,18,0,112
4,1,1,18,0,99
4,1,1,18,0,80
4,1,1,18,0,116
4,1,1,18,0,79
4,1,1,18,0,85
4,1,1,18,0,79
4,1,1,18,0,72
4,1,1,18,0,73
4,1,1,18,0,51
4,1,1,18,0,99
4,1,1,18,0,95
4,2,1,30,0,112
4,2,1,30,0,221
4,2,1,30,0,343
4,2,1,30,0,552
4,2,1,30,0,583
4,2,1,30,0,661
4,2,1,30,0,835
4,2,1,30,0,771
4,2,1,30,0,744
4,2,1,30,0,723
4,2,1,30,0,506
4,2,1,30,0,500
4,2,1,30,0,509
4,2,1,30,0,462
4,2,1,30,0,451
4,2,1,30,0,411
4,2,1,30,0,451
4,2,1,30,0,456
4,2,1,30,0,437
4,2,1,30,0,478
4,2,1,30,0,423
4,2,1,30,0,434
4,2,1,30,0,365
4,2,1,30,0,464
4,2,1,30,0,431
4,2,1,30,0,421
4,2,1,30,0,387
4,2,1,30,0,383
4,2,1,30,0,443
4,2,1,30,0,386
4,2,1,30,0,379
4,2,1,30,0,467
4,2,1,30,0,458
4,2,1,30,0,446
4,2,1,30,0,451
4,2,1,30,0,468
4,2,1,30,0,331
4,2,1,30,0,403
4,2,1,30,0,520
4,2,1,30,0,525
4,2,1,30,0,610
4,2,1,30,0,563
4,2,1,30,0,548
4,2,1,30,0,563
4,2,1,30,0,536
4,2,1,30,0,701
4,2,1,30,0,671
4,2,1,30,0,592
4,2,4,20,0,655
4,2,4,20,0,644
4,2,4,20,0,804
4,2,4,20,0,646
4,2,4,20,0,681
4,2,4,20,0,559
4,2,4,20,0,607
4,2,4,20,0,578
4,2,4,20,0,447
4,2,4,20,0,462
4,2,4,20,0,501
4,2,4,20,0,436
4,2,4,20,0,376
4,2,4,20,0,440
4,2,4,20,0,444
4,2,4,20,0,417
4,2,4,20,0,321
4,2,4,20,0,311
4,2,4,20,0,303
4,2,4,20,0,277
4,2,4,20,0,245
4,2,4,20,0,244
4,2,4,20,0,219
4,2,4,20,0,178
5,1,4,20,0,159
5,1,4,20,0,136
5,1,4,20,0,190
5,1,4,20,0,147
5,1,4,20,0,184
5,1,4,20,0,121
5,1,4,20,0,111
5,1,4,20,0,93
5,1,4,20,0,74
5,1,4,20,0,134
5,1,4,20,0,130
5,1,4,20,0,105
5,1,4,20,0,82
5,1,4,20,0,55
5,1,4,20,0,78
5,1,4,20,0,76
5,1,4,20,0,108
5,1,4,20,0,84
5,1,4,20,0,64
5,1,4,20,0,69
5,1,4,20,0,79
5,1,4,20,0,70
5,1,4,20,0,46
5,1,4,20,0,65
5,2,1,30,0,105
5,2,1,30,0,186
5,2,1,30,0,346
5,2,1,30,0,510
5,2,1,30,0,505
5,2,1,30,0,743
5,2,1,30,0,886
5,2,1,30,0,750
5,2,1,30,0,747
5,2,1,30,0,602
5,2,1,30,0,580
5,2,1,30,0,469
5,2,1,30,0,446
5,2,1,30,0,491
5,2,1,30,0,507
5,2,1,30,0,544
5,2,1,30,0,448
5,2,1,30,0,371
5,2,1,30,0,526
5,2,1,30,0,451
5,2,1,30,0,554
5,2,1,30,0,424
5,2,1,30,0,410
5,2,1,30,0,421
5,2,1,30,0,480
5,2,1,30,0,420
5,2,1,30,0,431
5,2,1,30,0,396
5,2,1,30,0,443
5,2,1,30,0,496
5,2,1,30,0,409
5,2,1,30,0,474
5,2,1,30,0,496
5,2,1,30,0,583
5,2,1,30,0,618
5,2,1,30,0,475
5,2,1,30,0,518
5,2,1,30,0,608
5,2,1,30,0,525
5,2,1,30,0,570
5,2,1,30,0,650
5,2,1,30,0,635
5,2,1,30,0,617
5,2,1,30,0,562
5,2,1,30,0,746
5,2,1,30,0,788
5,2,1,30,0,693
5,2,1,30,0,747
5,2,3,20,0,679
5,2,3,20,0,744
5,2,3,20,0,632
5,2,3,20,0,611
5,2,3,20,0,632
5,2,3,20,0,576
5,2,3,20,0,581
5,2,3,20,0,600
5,2,3,20,0,563
5,2,3,20,0,490
5,2,3,20,0,542
5,2,3,20,0,444
5,2,3,20,0,448
5,2,3,20,0,465
5,2,3,20,0,538
5,2,3,20,0,382
5,2,3,20,0,464
5,2,3,20,0,380
5,2,3,20,0,356
5,2,3,20,0,343
5,2,3,20,0,321
5,2,3,20,0,252
5,2,3,20,0,284
5,2,3,20,0,215
6,1,3,20,0,266
6,1,3,20,0,228
6,1,3,20,0,188
6,1,3,20,0,186
6,1,3,20,0,154
6,1,3,20,0,275
6,1,3,20,0,274
6,1,3,20,0,339
6,1,3,20,0,451
6,1,3,20,0,506
6,1,3,20,0,517
6,1,3,20,0,495
6,1,3,20,0,483
6,1,3,20,0,581
6,1,3,20,0,444
6,1,3,20,0,543
6,1,3,20,0,506
6,1,3,20,0,649
6,1,3,20,0,568
6,1,3,20,0,674
6,1,3,20,0,703
6,1,3,20,0,595
6,1,3,20,0,687
6,1,3,20,0,515
6,2,3,26,0,644
6,2,3,26,0,624
6,2,3,26,0,490
6,2,3,26,0,440
6,2,3,26,0,593
6,2,3,26,0,580
6,2,3,26,0,438
6,2,3,26,0,566
6,2,3,26,0,548
6,2,3,26,0,522
6,2,3,26,0,471
6,2,3,26,0,495
6,2,3,26,0,591
6,2,3,26,0,610
6,2,3,26,0,434
6,2,3,26,0,679
6,2,3,26,0,672
6,2,3,26,0,600
6,2,3,26,0,535
6,2,3,26,0,618
6,2,3,26,0,949
6,2,3,26,0,716
6,2,3,26,0,564
6,2,3,26,0,588
6,2,3,26,0,561
6,2,3,26,0,645
6,2,3,26,0,782
6,2,3,26,0,760
6,2,3,26,0,680
6,2,3,26,0,599
6,2,3,26,0,619
6,2,3,26,0,552
6,2,3,26,0,523
6,2,3,26,0,543
6,2,3,26,0,476
6,2,3,26,0,583
6,2,3,26,0,567
6,2,3,26,0,432
6,2,3,26,0,427
6,2,3,26,0,399
6,2,3,26,0,399
6,2,3,26,0,323
6,2,3,26,0,410
6,2,3,26,0,402
6,2,3,26,0,328
6,2,3,26,0,293
6,2,3,26,0,287
6,2,3,26,0,282
6,2,3,13,0,190
6,2,3,13,0,197
6,2,3,13,0,415
6,2,3,13,0,513
6,2,3,13,0,573
6,2,3,13,0,575
6,2,3,13,0,578
6,2,3,13,0,589
6,2,3,13,0,576
6,2,3,13,0,533
6,2,3,13,0,538
6,2,3,13,0,491
6,2,3,13,0,470
6,2,3,13,0,468
6,2,3,13,0,503
6,2,3,13,0,443
6,2,3,13,0,454
6,2,3,13,0,417
6,2,3,13,0,387
6,2,3,13,0,365
6,2,3,13,0,343
6,2,3,13,0,298
6,2,3,13,0,291
6,2,3,13,0,253
7,1,3,13,0,175
7,1,3,13,0,206
7,1,3,13,0,182
7,1,3,13,0,144
7,1,3,13,0,130
7,1,3,13,0,98
7,1,3,13,0,122
7,1,3,13,0,111
7,1,3,13,0,69
7,1,3,13,0,81
7,1,3,13,0,94
7,1,3,13,0,92
7,1,3,13,0,69
7,1,3,13,0,119
7,1,3,13,0,87
7,1,3,13,0,81
7,1,3,13,0,63
7,1,3,13,0,74
7,1,3,13,0,60
7,1,3,13,0,65
7,1,3,13,0,77
7,1,3,13,0,75
7,1,3,13,0,33
7,1,3,13,0,74
7,2,5,28,0,120
7,2,5,28,0,116
7,2,5,28,0,149
7,2,5,28,0,231
7,2,5,28,0,231
7,2,5,28,0,270
7,2,5,28,0,375
7,2,5,28,0,406
7,2,5,28,0,388
7,2,5,28,0,422
7,2,5,28,0,427
7,2,5,28,0,507
7,2,5,28,0,453
7,2,5,28,0,513
7,2,5,28,0,516
7,2,5,28,0,535
7,2,5,28,0,432
7,2,5,28,0,607
7,2,5,28,0,504
7,2,5,28,0,503
7,2,5,28,0,518
7,2,5,28,0,532
7,2,5,28,0,454
7,2,5,28,0,621
7,2,5,28,0,496
7,2,5,28,0,480
7,2,5,28,0,564
7,2,5,28,0,554
7,2,5,28,0,518
7,2,5,28,0,475
7,2,5,28,0,474
7,2,5,28,0,514
7,2,5,28,0,490
7,2,5,28,0,524
7,2,5,28,0,617
7,2,5,28,0,569
7,2,5,28,0,527
7,2,5,28,0,763
7,2,5,28,0,815
7,2,5,28,0,562
7,2,5,28,0,637
7,2,5,28,0,564
7,2,5,28,0,488
7,2,5,28,0,549
7,2,5,28,0,747
7,2,5,28,0,642
7,2,5,28,0,679
7,2,5,28,0,878
7,2,2,13,0,478
7,2,2,13,0,612
7,2,2,13,0,603
7,2,2,13,0,524
7,2,2,13,0,453
7,2,2,13,0,437
7,2,2,13,0,483
7,2,2,13,0,433
7,2,2,13,0,397
7,2,2,13,0,457
7,2,2,13,0,451
7,2,2,13,0,373
7,2,2,13,0,342
7,2,2,13,0,372
7,2,2,13,0,348
7,2,2,13,0,320
7,2,2,13,0,391
7,2,2,13,0,290
7,2,2,13,0,271
7,2,2,13,0,248
7,2,2,13,0,222
7,2,2,13,0,186
7,2,2,13,0,205
7,2,2,13,0,140
1,1,2,13,0,143
1,1,2,13,0,117
1,1,2,13,0,99
1,1,2,13,0,97
1,1,2,13,0,96
1,1,2,13,0,82
1,1,2,13,0,80
1,1,2,13,0,112
1,1,2,13,0,43
1,1,2,13,0,77
1,1,2,13,0,40
1,1,2,13,0,76
1,1,2,13,0,34
1,1,2,13,0,60
1,1,2,13,0,26
1,1,2,13,0,20
1,1,2,13,0,49
1,1,2,13,0,46
1,1,2,13,0,45
1,1,2,13,0,36
1,1,2,13,0,76
1,1,2,13,0,50
1,1,2,13,0,48
1,1,2,13,0,97
1,2,1,20,0,101
1,2,1,20,0,148
1,2,1,20,0,372
1,2,1,20,0,490
1,2,1,20,0,610
1,2,1,20,0,859
1,2,1,20,0,871
1,2,1,20,0,783
1,2,1,20,0,806
1,2,1,20,0,513
1,2,1,20,0,533
1,2,1,20,0,546
1,2,1,20,0,456
1,2,1,20,0,415
1,2,1,20,0,426
1,2,1,20,0,449
1,2,1,20,0,382
1,2,1,20,0,462
1,2,1,20,0,439
1,2,1,20,0,444
1,2,1,20,0,419
1,2,1,20,0,443
1,2,1,20,0,425
1,2,1,20,0,441
1,2,1,20,0,410
1,2,1,20,0,460
1,2,1,20,0,453
1,2,1,20,0,398
1,2,1,20,0,421
1,2,1,20,0,366
1,2,1,20,0,402
1,2,1,20,0,432
1,2,1,20,0,498
1,2,1,20,0,400
1,2,1,20,0,506
1,2,1,20,0,510
1,2,1,20,0,487
1,2,1,20,0,489
1,2,1,20,0,465
1,2,1,20,0,502
1,2,1,20,0,538
1,2,1,20,0,616
1,2,1,20,0,584
1,2,1,20,0,580
1,2,1,20,0,572
1,2,1,20,0,633
1,2,1,20,0,602
1,2,1,20,0,722
1,2,1,14,0,628
1,2,1,14,0,707
1,2,1,14,0,680
1,2,1,14,0,628
1,2,1,14,0,593
1,2,1,14,0,443
1,2,1,14,0,434
1,2,1,14,0,495
1,2,1,14,0,364
1,2,1,14,0,397
1,2,1,14,0,384
1,2,1,14,0,396
1,2,1,14,0,378
1,2,1,14,0,305
1,2,1,14,0,339
1,2,1,14,0,345
1,2,1,14,0,281
1,2,1,14,0,253
1,2,1,14,0,265
1,2,1,14,0,202
1,2,1,14,0,201
1,2,1,14,0,146
1,2,1,14,0,159
1,2,1,14,0,159
2,1,1,14,0,159
2,1,1,14,0,146
2,1,1,14,0,202
2,1,1,14,0,117
2,1,1,14,0,107
2,1,1,14,0,119
2,1,1,14,0,100
2,1,1,14,0,82
2,1,1,14,0,83
2,1,1,14,0,66
2,1,1,14,0,66
2,1,1,14,0,69
2,1,1,14,0,70
2,1,1,14,0,29
2,1,1,14,0,54
2,1,1,14,0,32
2,1,1,14,0,39
2,1,1,14,0,30
2,1,1,14,0,27
2,1,1,14,0,49
2,1,1,14,0,32
2,1,1,14,0,58
2,1,1,14,0,65
2,1,1,14,0,89
2,2,1,22,0,116
2,2,1,22,0,198
2,2,1,22,0,361
2,2,1,22,0,468
2,2,1,22,0,578
2,2,1,22,0,657
2,2,1,22,0,857
2,2,1,22,0,775
2,2,1,22,0,685
2,2,1,22,0,595
2,2,1,22,0,568
2,2,1,22,0,425
2,2,1,22,0,430
2,2,1,22,0,508
2,2,1,22,0,527
2,2,1,22,0,435
2,2,1,22,0,493
2,2,1,22,0,483
2,2,1,22,0,412
2,2,1,22,0,514
2,2,1,22,0,525
2,2,1,22,0,491
2,2,1,22,0,418
2,2,1,22,0,459
2,2,1,22,0,444
2,2,1,22,0,373
2,2,1,22,0,439
2,2,1,22,0,391
2,2,1,22,0,447
2,2,1,22,0,439
2,2,1,22,0,396
2,2,1,22,0,514
2,2,1,22,0,462
2,2,1,22,0,390
2,2,1,22,0,432
2,2,1,22,0,536
2,2,1,22,0,497
2,2,1,22,0,486
2,2,1,22,0,410
2,2,1,22,0,470
2,2,1,22,0,672
2,2,1,22,0,715
2,2,1,22,0,593
2,2,1,22,0,609
2,2,1,22,0,604
2,2,1,22,0,648
2,2,1,22,0,612
2,2,1,22,0,561
2,2,3,15,0,669
2,2,3,15,0,686
2,2,3,15,0,693
2,2,3,15,0,599
2,2,3,15,0,645
2,2,3,15,0,553
2,2,3,15,0,512
2,2,3,15,0,536
2,2,3,15,0,538
2,2,3,15,0,399
2,2,3,15,0,440
2,2,3,15,0,405
2,2,3,15,0,418
2,2,3,15,0,385
2,2,3,15,0,398
2,2,3,15,0,328
2,2,3,15,0,334
2,2,3,15,0,366
2,2,3,15,0,273
2,2,3,15,0,233
2,2,3,15,0,206
2,2,3,15,0,190
2,2,3,15,0,143
2,2,3,15,0,163
3,1,3,15,0,183
3,1,3,15,0,181
3,1,3,15,0,137
3,1,3,15,0,122
3,1,3,15,0,105
3,1,3,15,0,113
3,1,3,15,0,70
3,1,3,15,0,69
3,1,3,15,0,95
3,1,3,15,0,76
3,1,3,15,0,66
3,1,3,15,0,56
3,1,3,15,0,62
3,1,3,15,0,71
3,1,3,15,0,45
3,1,3,15,0,36
3,1,3,15,0,34
3,1,3,15,0,57
3,1,3,15,0,54
3,1,3,15,0,61
3,1,3,15,0,47
3,1,3,15,0,68
3,1,3,15,0,80
3,1,3,15,0,87
3,2,2,20,0,134
3,2,2,20,0,199
3,2,2,20,0,356
3,2,2,20,0,510
3,2,2,20,0,688
3,2,2,20,0,719
3,2,2,20,0,878
3,2,2,20,0,724
3,2,2,20,0,707
3,2,2,20,0,706
3,2,2,20,0,585
3,2,2,20,0,448
3,2,2,20,0,487
3,2,2,20,0,530
3,2,2,20,0,472
3,2,2,20,0,467
3,2,2,20,0,428
3,2,2,20,0,500
3,2,2,20,0,427
3,2,2,20,0,448
3,2,2,20,0,471
3,2,2,20,0,427
3,2,2,20,0,433
3,2,2,20,0,384
3,2,2,20,0,402
3,2,2,20,0,406
3,2,2,20,0,397
3,2,2,20,0,426
3,2,2,20,0,353
3,2,2,20,0,418
3,2,2,20,0,387
3,2,2,20,0,428
3,2,2,20,0,434
3,2,2,20,0,440
3,2,2,20,0,488
3,2,2,20,0,466
3,2,2,20,0,409
3,2,2,20,0,527
3,2,2,20,0,587
3,2,2,20,0,531
3,2,2,20,0,590
3,2,2,20,0,696
3,2,2,20,0,595
3,2,2,20,0,470
3,2,2,20,0,700
3,2,2,20,0,668
3,2,2,20,0,709
3,2,2,20,0,559
3,2,1,14,0,765
3,2,1,14,0,651
3,2,1,14,0,699
3,2,1,14,0,499
3,2,1,14,0,708
3,2,1,14,0,535
3,2,1,14,0,570
3,2,1,14,0,576
3,2,1,14,0,515
3,2,1,14,0,417
3,2,1,14,0,449
3,2,1,14,0,402
3,2,1,14,0,462
3,2,1,14,0,461
3,2,1,14,0,376
3,2,1,14,0,346
3,2,1,14,0,387
3,2,1,14,0,359
3,2,1,14,0,279
3,2,1,14,0,334
3,2,1,14,0,232
3,2,1,14,0,179
3,2,1,14,0,186
3,2,1,14,0,182
4,1,1,14,0,211
4,1,1,14,0,178
4,1,1,14,0,135
4,1,1,14,0,121
4,1,1,14,0,132
4,1,1,14,0,99
4,1,1,14,0,128
4,1,1,14,0,95
4,1,1,14,0,79
4,1,1,14,0,72
4,1,1,14,0,62
4,1,1,14,0,72
4,1,1,14,0,69
4,1,1,14,0,65
4,1,1,14,0,71
4,1,1,14,0,75
4,1,1,14,0,51
4,1,1,14,0,66
4,1,1,14,0,48
4,1,1,14,0,36
4,1,1,14,0,75
4,1,1,14,0,35
4,1,1,14,0,81
4,1,1,14,0,117
4,2,1,23,0,120
4,2,1,23,0,160
4,2,1,23,0,299
4,2,1,23,0,449
4,2,1,23,0,526
4,2,1,23,0,740
4,2,1,23,0,811
4,2,1,23,0,780
4,2,1,23,0,659
4,2,1,23,0,628
4,2,1,23,0,590
4,2,1,23,0,447
4,2,1,23,0,431
4,2,1,23,0,465
4,2,1,23,0,549
4,2,1,23,0,477
4,2,1,23,0,488
4,2,1,23,0,543
4,2,1,23,0,486
4,2,1,23,0,426
4,2,1,23,0,410
4,2,1,23,0,407
4,2,1,23,0,532
4,2,1,23,0,388
4,2,1,23,0,442
4,2,1,23,0,508
4,2,1,23,0,452
4,2,1,23,0,449
4,2,1,23,0,419
4,2,1,23,0,428
4,2,1,23,0,375
4,2,1,23,0,454
4,2,1,23,0,460
4,2,1,23,0,434
4,2,1,23,0,450
4,2,1,23,0,437
4,2,1,23,0,463
4,2,1,23,0,456
4,2,1,23,0,608
4,2,1,23,0,480
4,2,1,23,0,642
4,2,1,23,0,778
4,2,1,23,0,543
4,2,1,23,0,583
4,2,1,23,0,587
4,2,1,23,0,622
4,2,1,23,0,566
4,2,1,23,0,664
4,2,2,17,0,706
4,2,2,17,0,704
4,2,2,17,0,644
4,2,2,17,0,646
4,2,2,17,0,483
4,2,2,17,0,438
4,2,2,17,0,425
4,2,2,17,0,409
4,2,2,17,0,607
4,2,2,17,0,571
4,2,2,17,0,475
4,2,2,17,0,517
4,2,2,17,0,410
4,2,2,17,0,439
4,2,2,17,0,478
4,2,2,17,0,408
4,2,2,17,0,373
4,2,2,17,0,359
4,2,2,17,0,318
4,2,2,17,0,327
4,2,2,17,0,265
4,2,2,17,0,182
4,2,2,17,0,242
4,2,2,17,0,185
5,1,2,17,0,178
5,1,2,17,0,177
5,1,2,17,0,152
5,1,2,17,0,123
5,1,2,17,0,80
5,1,2,17,0,139
5,1,2,17,0,77
5,1,2,17,0,98
5,1,2,17,0,98
5,1,2,17,0,78
5,1,2,17,0,66
5,1,2,17,0,62
5,1,2,17,0,47
5,1,2,17,0,76
5,1,2,17,0,57
5,1,2,17,0,65
5,1,2,17,0,24
5,1,2,17,0,32
5,1,2,17,0,57
5,1,2,17,0,54
5,1,2,17,0,38
5,1,2,17,0,50
5,1,2,17,0,45
5,1,2,17,0,96
5,2,0,27,0,148
5,2,0,27,0,187
5,2,0,27,0,331
5,2,0,27,0,423
5,2,0,27,0,575
5,2,0,27,0,747
5,2,0,27,0,864
5,2,0,27,0,861
5,2,0,27,0,782
5,2,0,27,0,560
5,2,0,27,0,531
5,2,0,27,0,439
5,2,0,27,0,401
5,2,0,27,0,544
5,2,0,27,0,446
5,2,0,27,0,400
5,2,0,27,0,419
5,2,0,27,0,456
5,2,0,27,0,422
5,2,0,27,0,464
5,2,0,27,0,518
5,2,0,27,0,513
5,2,0,27,0,516
5,2,0,27,0,388
5,2,0,27,0,438
5,2,0,27,0,389
5,2,0,27,0,449
5,2,0,27,0,462
5,2,0,27,0,431
5,2,0,27,0,407
5,2,0,27,0,476
5,2,0,27,0,480
5,2,0,27,0,480
5,2,0,27,0,341
5,2,0,27,0,504
5,2,0,27,0,497
5,2,0,27,0,458
5,2,0,27,0,509
5,2,0,27,0,457
5,2,0,27,0,440
5,2,0,27,0,561
5,2,0,27,0,657
5,2,0,27,0,545
5,2,0,27,0,508
5,2,0,27,0,648
5,2,0,27,0,646
5,2,0,27,0,662
5,2,0,27,0,686
5,2,3,19,0,688
5,2,3,19,0,705
5,2,3,19,0,633
5,2,3,19,0,623
5,2,3,19,0,714
5,2,3,19,0,586
5,2,3,19,0,501
5,2,3,19,0,515
5,2,3,19,0,483
5,2,3,19,0,467
5,2,3,19,0,515
5,2,3,19,0,494
5,2,3,19,0,466
5,2,3,19,0,435
5,2,3,19,0,393
5,2,3,19,0,425
5,2,3,19,0,354
5,2,3,19,0,347
5,2,3,19,0,340
5,2,3,19,0,356
5,2,3,19,0,202
5,2,3,19,0,288
5,2,3,19,0,230
5,2,3,19,0,212
6,1,3,19,0,151
6,1,3,19,0,215
6,1,3,19,0,150
6,1,3,19,0,135
6,1,3,19,0,145
6,1,3,19,0,124
6,1,3,19,0,112
6,1,3,19,0,113
6,1,3,19,0,94
6,1,3,19,0,108
6,1,3,19,0,94
6,1,3,19,0,60
6,1,3,19,0,59
6,1,3,19,0,69
6,1,3,19,0,56
6,1,3,19,0,50
6,1,3,19,0,36
6,1,3,19,0,55
6,1,3,19,0,21
6,1,3,19,0,43
6,1,3,19,0,73
6,1,3,19,0,59
6,1,3,19,0,93
6,1,3,19,0,90
6,2,1,28,0,187
6,2,1,28,0,204
6,2,1,28,0,361
6,2,1,28,0,450
6,2,1,28,0,541
6,2,1,28,0,657
6,2,1,28,0,835
6,2,1,28,0,742
6,2,1,28,0,627
6,2,1,28,0,563
6,2,1,28,0,626
6,2,1,28,0,558
6,2,1,28,0,480
6,2,1,28,0,484
6,2,1,28,0,472
6,2,1,28,0,437
6,2,1,28,0,542
6,2,1,28,0,473
6,2,1,28,0,508
6,2,1,28,0,473
6,2,1,28,0,546
6,2,1,28,0,504
6,2,1,28,0,476
6,2,1,28,0,538
6,2,1,28,0,401
6,2,1,28,0,457
6,2,1,28,0,424
6,2,1,28,0,386
6,2,1,28,0,420
6,2,1,28,0,484
6,2,1,28,0,449
6,2,1,28,0,365
6,2,1,28,0,339
6,2,1,28,0,387
6,2,1,28,0,516
6,2,1,28,0,483
6,2,1,28,0,546
6,2,1,28,0,549
6,2,1,28,0,465
6,2,1,28,0,557
6,2,1,28,0,665
6,2,1,28,0,583
6,2,1,28,0,670
6,2,1,28,0,425
6,2,1,28,0,543
6,2,1,28,0,570
6,2,1,28,0,410
6,2,1,28,0,443
6,2,1,19,1,430
6,2,1,19,1,500
6,2,1,19,1,677
6,2,1,19,1,707
6,2,1,19,1,690
6,2,1,19,1,638
6,2,1,19,1,642
6,2,1,19,1,685
6,2,1,19,1,609
6,2,1,19,1,597
6,2,1,19,1,688
6,2,1,19,1,513
6,2,1,19,1,496
6,2,1,19,1,519
6,2,1,19,1,510
6,2,1,19,1,444
6,2,1,19,1,387
6,2,1,19,1,425
6,2,1,19,1,406
6,2,1,19,1,315
6,2,1,19,1,275
6,2,1,19,1,270
6,2,1,19,1,252
6,2,1,19,1,242
7,1,1,19,1,226
7,1,1,19,1,235
7,1,1,19,1,221
7,1,1,19,1,188
7,1,1,19,1,166
7,1,1,19,1,165
7,1,1,19,1,130
7,1,1,19,1,106
7,1,1,19,1,113
7,1,1,19,1,129
7,1,1,19,1,94
7,1,1,19,1,94
7,1,1,19,1,81
7,1,1,19,1,64
7,1,1,19,1,85
7,1,1,19,1,42
7,1,1,19,1,51
7,1,1,19,1,29
7,1,1,19,1,65
7,1,1,19,1,68
7,1,1,19,1,71
7,1,1,19,1,76
7,1,1,19,1,83
7,1,1,19,1,100
7,2,3,28,1,125
7,2,3,28,1,173
7,2,3,28,1,197
7,2,3,28,1,272
7,2,3,28,1,270
7,2,3,28,1,321
7,2,3,28,1,403
7,2,3,28,1,423
7,2,3,28,1,397
7,2,3,28,1,476
7,2,3,28,1,438
7,2,3,28,1,476
7,2,3,28,1,520
7,2,3,28,1,567
7,2,3,28,1,615
7,2,3,28,1,569
7,2,3,28,1,579
7,2,3,28,1,685
7,2,3,28,1,659
7,2,3,28,1,632
7,2,3,28,1,624
7,2,3,28,1,627
7,2,3,28,1,570
7,2,3,28,1,649
7,2,3,28,1,562
7,2,3,28,1,475
7,2,3,28,1,469
7,2,3,28,1,521
7,2,3,28,1,426
7,2,3,28,1,595
7,2,3,28,1,472
7,2,3,28,1,619
7,2,3,28,1,534
7,2,3,28,1,566
7,2,3,28,1,573
7,2,3,28,1,512
7,2,3,28,1,495
7,2,3,28,1,614
7,2,3,28,1,562
7,2,3,28,1,629
7,2,3,28,1,500
7,2,3,28,1,490
7,2,3,28,1,575
7,2,3,28,1,559
7,2,3,28,1,566
7,2,3,28,1,472
7,2,3,28,1,664
7,2,3,28,1,535
7,2,3,21,1,457
7,2,3,21,1,537
7,2,3,21,1,622
7,2,3,21,1,540
7,2,3,21,1,605
7,2,3,21,1,548
7,2,3,21,1,584
7,2,3,21,1,536
7,2,3,21,1,492
7,2,3,21,1,464
7,2,3,21,1,447
7,2,3,21,1,471
7,2,3,21,1,477
7,2,3,21,1,465
7,2,3,21,1,333
7,2,3,21,1,398
7,2,3,21,1,387
7,2,3,21,1,328
7,2,3,21,1,269
7,2,3,21,1,241
7,2,3,21,1,282
7,2,3,21,1,239
7,2,3,21,1,250
7,2,3,21,1,198
1,1,3,21,1,214
1,1,3,21,1,207
1,1,3,21,1,167
1,1,3,21,1,118
1,1,3,21,1,171
1,1,3,21,1,175
1,1,3,21,1,184
1,1,3,21,1,111
1,1,3,21,1,157
1,1,3,21,1,135
1,1,3,21,1,133
1,1,3,21,1,130
1,1,3,21,1,145
1,1,3,21,1,97
1,1,3,21,1,116
1,1,3,21,1,116
1,1,3,21,1,99
1,1,3,21,1,91
1,1,3,21,1,100
1,1,3,21,1,105
1,1,3,21,1,88
1,1,3,21,1,93
1,1,3,21,1,87
1,1,3,21,1,110
1,2,2,30,1,151
1,2,2,30,1,159
1,2,2,30,1,181
1,2,2,30,1,350
1,2,2,30,1,257
1,2,2,30,1,274
1,2,2,30,1,385
1,2,2,30,1,394
1,2,2,30,1,332
1,2,2,30,1,417
1,2,2,30,1,411
1,2,2,30,1,465
1,2,2,30,1,412
1,2,2,30,1,419
1,2,2,30,1,469
1,2,2,30,1,494
1,2,2,30,1,539
1,2,2,30,1,558
1,2,2,30,1,566
1,2,2,30,1,616
1,2,2,30,1,502
1,2,2,30,1,603
1,2,2,30,1,498
1,2,2,30,1,554
1,2,2,30,1,491
1,2,2,30,1,513
1,2,2,30,1,445
1,2,2,30,1,393
1,2,2,30,1,434
1,2,2,30,1,461
1,2,2,30,1,469
1,2,2,30,1,446
1,2,2,30,1,471
1,2,2,30,1,408
1,2,2,30,1,541
1,2,2,30,1,505
1,2,2,30,1,479
1,2,2,30,1,477
1,2,2,30,1,528
1,2,2,30,1,487
1,2,2,30,1,433
1,2,2,30,1,483
1,2,2,30,1,594
1,2,2,30,1,514
1,2,2,30,1,499
1,2,2,30,1,536
1,2,2,30,1,508
1,2,2,30,1,607
1,2,3,20,1,578
1,2,3,20,1,623
1,2,3,20,1,629
1,2,3,20,1,574
1,2,3,20,1,502
1,2,3,20,1,445
1,2,3,20,1,537
1,2,3,20,1,505
1,2,3,20,1,509
1,2,3,20,1,487
1,2,3,20,1,488
1,2,3,20,1,468
1,2,3,20,1,469
1,2,3,20,1,393
1,2,3,20,1,453
1,2,3,20,1,389
1,2,3,20,1,409
1,2,3,20,1,380
1,2,3,20,1,339
1,2,3,20,1,314
1,2,3,20,1,266
1,2,3,20,1,227
1,2,3,20,1,269
1,2,3,20,1,210
